file_a,start_a,end_a,file_b,start_b,end_b,tokens
packages/diagram/src/layout.ts,177,219,packages/qt-circuit/src/canvas/router.ts,35,80,377
apps/web/src/ui/menu.tsx,268,292,apps/web/src/ui/popover.tsx,161,178,125
packages/qt-categorize/src/Editor.tsx,182,202,packages/qt-diagram/src/Editor.tsx,102,122,111
packages/qt-categorize/src/Editor.tsx,183,203,packages/qt-rich/src/Editor.tsx,45,65,110
packages/qt-diagram/src/Editor.tsx,103,122,packages/qt-rich/src/Editor.tsx,45,64,109
packages/contracts/src/poll.ts,207,220,packages/contracts/src/realtime.ts,273,278,103
packages/qt-diagram/src/Editor.tsx,224,240,packages/qt-rich/src/Editor.tsx,61,77,103
apps/web/src/preview/PreviewCorrection.tsx,123,139,apps/web/src/student/Feedback.tsx,272,288,100
apps/api/src/modules/pool/questionWrite.ts,274,289,apps/api/src/modules/pool/questionWrite.ts,799,814,91
apps/web/src/Shell.tsx,430,443,apps/web/src/student/PlayerShell.tsx,179,189,90
packages/qt-code/src/canonical.ts,46,52,packages/qt-code/src/image/canonical.ts,25,31,87
apps/web/src/ui/menu.tsx,236,247,apps/web/src/ui/popover.tsx,136,147,86
apps/api/src/modules/live/routes.ts,152,162,apps/api/src/modules/live/routes.ts,190,197,85
apps/web/src/live/GridRow.tsx,170,180,apps/web/src/live/StudentGrid.tsx,84,94,83
